INSERT INTO students (student_id, major, name) VALUES (1, 'philosophy', 'Klaus Meier'); 
INSERT INTO students (student_id, major, name) VALUES (2, 'physics', 'Lieschen Müller'); 
INSERT INTO students (student_id, major, name) VALUES (3, 'chemistry', 'Peter Schmidt'); 
INSERT INTO students (student_id, major, name) VALUES (4, 'sociology', 'Erika Mustermann'); 
INSERT INTO students (student_id, major, name) VALUES (5, 'philosophy', 'Babs Jensen'); 
INSERT INTO students (student_id, major, name) VALUES (6, 'physics', 'Dietlinde Schneider'); 
INSERT INTO students (student_id, major, name) VALUES (7, 'chemistry', 'Karl Ranseier'); 
INSERT INTO students (student_id, major, name) VALUES (8, 'sociology', 'Tomte Tummetot' ); 
INSERT INTO students (student_id, major, name) VALUES (9, 'philosophy', 'Jim Knopf'); 
INSERT INTO students (student_id, major, name) VALUES (10, 'physics', 'Harry Potter'); 

INSERT INTO subjects (subject_id, subject) VALUES (1, 'Hegel heute');          
INSERT INTO subjects (subject_id, subject) VALUES (2, 'Chemie morgen');        
INSERT INTO subjects (subject_id, subject) VALUES (3, 'Physik gestern');       
INSERT INTO subjects (subject_id, subject) VALUES (4, 'Philosophie ultrakrass');
INSERT INTO subjects (subject_id, subject) VALUES (5, 'Hardcore Math');        
INSERT INTO subjects (subject_id, subject) VALUES (6, 'Partikel-Ökonomie'); 
INSERT INTO subjects (subject_id, subject) VALUES (7, 'Grauzonen');            
INSERT INTO subjects (subject_id, subject) VALUES (8, 'Sonnenauf- und Untergänge');
INSERT INTO subjects (subject_id, subject) VALUES (9, 'Irgendwas mit Medien'); 
INSERT INTO subjects (subject_id, subject) VALUES (10, 'Really hard lecture');  
INSERT INTO subjects (subject_id, subject) VALUES (11, 'Empty class');  
INSERT INTO subjects (subject_id, subject) VALUES (12, 'Nobody here');  

INSERT INTO classes (subject_id, student_id) VALUES (1, 2);
INSERT INTO classes (subject_id, student_id) VALUES (2, 3);
INSERT INTO classes (subject_id, student_id) VALUES (3, 4);
INSERT INTO classes (subject_id, student_id) VALUES (4, 5);
INSERT INTO classes (subject_id, student_id) VALUES (5, 2);
INSERT INTO classes (subject_id, student_id) VALUES (6, 3);
INSERT INTO classes (subject_id, student_id) VALUES (7, 4);
INSERT INTO classes (subject_id, student_id) VALUES (8, 1);
INSERT INTO classes (subject_id, student_id) VALUES (9, 9);
INSERT INTO classes (subject_id, student_id) VALUES (10,3);
INSERT INTO classes (subject_id, student_id) VALUES (1, 9);
INSERT INTO classes (subject_id, student_id) VALUES (2, 5);
INSERT INTO classes (subject_id, student_id) VALUES (3, 6);
INSERT INTO classes (subject_id, student_id) VALUES (4, 1);
INSERT INTO classes (subject_id, student_id) VALUES (5, 3);
INSERT INTO classes (subject_id, student_id) VALUES (6, 7);
INSERT INTO classes (subject_id, student_id) VALUES (7, 8);
INSERT INTO classes (subject_id, student_id) VALUES (8, 2);
INSERT INTO classes (subject_id, student_id) VALUES (9, 10);
INSERT INTO classes (subject_id, student_id) VALUES (10,4);
INSERT INTO classes (subject_id, student_id) VALUES (5, 7);
INSERT INTO classes (subject_id, student_id) VALUES (6, 5);
INSERT INTO classes (subject_id, student_id) VALUES (7, 10);
INSERT INTO classes (subject_id, student_id) VALUES (8, 3);
INSERT INTO classes (subject_id, student_id) VALUES (9, 1);
INSERT INTO classes (subject_id, student_id) VALUES (10,9);
                                                             
INSERT INTO exams (exam, grade, subject_id, student_id) VALUES ('2013-07-01', 1, 3, 2);
INSERT INTO exams (exam, grade, subject_id, student_id) VALUES ('2013-07-01', 2, 4, 3);
INSERT INTO exams (exam, grade, subject_id, student_id) VALUES ('2013-07-01', 1, 3, 4);
INSERT INTO exams (exam, grade, subject_id, student_id) VALUES ('2013-07-01', 3, 4, 5);
INSERT INTO exams (exam, grade, subject_id, student_id) VALUES ('2013-08-01', 2, 3, 2);
INSERT INTO exams (exam, grade, subject_id, student_id) VALUES ('2013-08-01', 2, 4, 3);
INSERT INTO exams (exam, grade, subject_id, student_id) VALUES ('2013-08-01', 5, 3, 4);
INSERT INTO exams (exam, grade, subject_id, student_id) VALUES ('2013-08-01', 1, 4, 1);
INSERT INTO exams (exam, grade, subject_id, student_id) VALUES ('2013-06-01', 1, 7, 9);
INSERT INTO exams (exam, grade, subject_id, student_id) VALUES ('2013-06-01', 2, 3, 3);
INSERT INTO exams (exam, grade, subject_id, student_id) VALUES ('2013-06-01', 1, 9, 5);
INSERT INTO exams (exam, grade, subject_id, student_id) VALUES ('2013-06-01', 3, 1, 8);
INSERT INTO exams (exam, grade, subject_id, student_id) VALUES ('2013-09-01', 2, 6, 1);
INSERT INTO exams (exam, grade, subject_id, student_id) VALUES ('2013-09-01', 2, 4, 3);
INSERT INTO exams (exam, grade, subject_id, student_id) VALUES ('2013-09-01', 5, 2, 7);
INSERT INTO exams (exam, grade, subject_id, student_id) VALUES ('2013-09-01', 1, 4, 8);
